<?xml version="1.0" encoding="UTF-8"?>
<con:soapui-project id="fca66c85-f7aa-4a5d-8329-9d0c4d38eb9e" activeEnvironment="Default" name="Lesson1Java3TestingOfCalc" resourceRoot="${projectDir}" soapui-version="5.7.0" abortOnError="false" runType="SEQUENTIAL" xmlns:con="http://eviware.com/soapui/config"><con:settings/><con:interface xsi:type="con:WsdlInterface" id="5fae8b4d-ff38-47ef-9b63-bfc4f14f8846" wsaVersion="NONE" name="CalculatorSoap12" type="wsdl" bindingName="{http://tempuri.org/}CalculatorSoap12" soapVersion="1_2" anonymous="optional" definition="http://dneonline.com/calculator.asmx?wsdl" xmlns:xsi="http://www.w3.org/2001/XMLSchema-instance"><con:settings/><con:definitionCache type="TEXT" rootPart="http://dneonline.com/calculator.asmx?wsdl"><con:part><con:url>http://dneonline.com/calculator.asmx?wsdl</con:url><con:content><![CDATA[<wsdl:definitions targetNamespace="http://tempuri.org/" xmlns:soap="http://schemas.xmlsoap.org/wsdl/soap/" xmlns:tm="http://microsoft.com/wsdl/mime/textMatching/" xmlns:soapenc="http://schemas.xmlsoap.org/soap/encoding/" xmlns:mime="http://schemas.xmlsoap.org/wsdl/mime/" xmlns:tns="http://tempuri.org/" xmlns:s="http://www.w3.org/2001/XMLSchema" xmlns:soap12="http://schemas.xmlsoap.org/wsdl/soap12/" xmlns:http="http://schemas.xmlsoap.org/wsdl/http/" xmlns:wsdl="http://schemas.xmlsoap.org/wsdl/">
  <wsdl:types>
    <s:schema elementFormDefault="qualified" targetNamespace="http://tempuri.org/">
      <s:element name="Add">
        <s:complexType>
          <s:sequence>
            <s:element minOccurs="1" maxOccurs="1" name="intA" type="s:int"/>
            <s:element minOccurs="1" maxOccurs="1" name="intB" type="s:int"/>
          </s:sequence>
        </s:complexType>
      </s:element>
      <s:element name="AddResponse">
        <s:complexType>
          <s:sequence>
            <s:element minOccurs="1" maxOccurs="1" name="AddResult" type="s:int"/>
          </s:sequence>
        </s:complexType>
      </s:element>
      <s:element name="Subtract">
        <s:complexType>
          <s:sequence>
            <s:element minOccurs="1" maxOccurs="1" name="intA" type="s:int"/>
            <s:element minOccurs="1" maxOccurs="1" name="intB" type="s:int"/>
          </s:sequence>
        </s:complexType>
      </s:element>
      <s:element name="SubtractResponse">
        <s:complexType>
          <s:sequence>
            <s:element minOccurs="1" maxOccurs="1" name="SubtractResult" type="s:int"/>
          </s:sequence>
        </s:complexType>
      </s:element>
      <s:element name="Multiply">
        <s:complexType>
          <s:sequence>
            <s:element minOccurs="1" maxOccurs="1" name="intA" type="s:int"/>
            <s:element minOccurs="1" maxOccurs="1" name="intB" type="s:int"/>
          </s:sequence>
        </s:complexType>
      </s:element>
      <s:element name="MultiplyResponse">
        <s:complexType>
          <s:sequence>
            <s:element minOccurs="1" maxOccurs="1" name="MultiplyResult" type="s:int"/>
          </s:sequence>
        </s:complexType>
      </s:element>
      <s:element name="Divide">
        <s:complexType>
          <s:sequence>
            <s:element minOccurs="1" maxOccurs="1" name="intA" type="s:int"/>
            <s:element minOccurs="1" maxOccurs="1" name="intB" type="s:int"/>
          </s:sequence>
        </s:complexType>
      </s:element>
      <s:element name="DivideResponse">
        <s:complexType>
          <s:sequence>
            <s:element minOccurs="1" maxOccurs="1" name="DivideResult" type="s:int"/>
          </s:sequence>
        </s:complexType>
      </s:element>
    </s:schema>
  </wsdl:types>
  <wsdl:message name="AddSoapIn">
    <wsdl:part name="parameters" element="tns:Add"/>
  </wsdl:message>
  <wsdl:message name="AddSoapOut">
    <wsdl:part name="parameters" element="tns:AddResponse"/>
  </wsdl:message>
  <wsdl:message name="SubtractSoapIn">
    <wsdl:part name="parameters" element="tns:Subtract"/>
  </wsdl:message>
  <wsdl:message name="SubtractSoapOut">
    <wsdl:part name="parameters" element="tns:SubtractResponse"/>
  </wsdl:message>
  <wsdl:message name="MultiplySoapIn">
    <wsdl:part name="parameters" element="tns:Multiply"/>
  </wsdl:message>
  <wsdl:message name="MultiplySoapOut">
    <wsdl:part name="parameters" element="tns:MultiplyResponse"/>
  </wsdl:message>
  <wsdl:message name="DivideSoapIn">
    <wsdl:part name="parameters" element="tns:Divide"/>
  </wsdl:message>
  <wsdl:message name="DivideSoapOut">
    <wsdl:part name="parameters" element="tns:DivideResponse"/>
  </wsdl:message>
  <wsdl:portType name="CalculatorSoap">
    <wsdl:operation name="Add">
      <wsdl:documentation>Adds two integers. This is a test WebService. ©DNE Online</wsdl:documentation>
      <wsdl:input message="tns:AddSoapIn"/>
      <wsdl:output message="tns:AddSoapOut"/>
    </wsdl:operation>
    <wsdl:operation name="Subtract">
      <wsdl:input message="tns:SubtractSoapIn"/>
      <wsdl:output message="tns:SubtractSoapOut"/>
    </wsdl:operation>
    <wsdl:operation name="Multiply">
      <wsdl:input message="tns:MultiplySoapIn"/>
      <wsdl:output message="tns:MultiplySoapOut"/>
    </wsdl:operation>
    <wsdl:operation name="Divide">
      <wsdl:input message="tns:DivideSoapIn"/>
      <wsdl:output message="tns:DivideSoapOut"/>
    </wsdl:operation>
  </wsdl:portType>
  <wsdl:binding name="CalculatorSoap" type="tns:CalculatorSoap">
    <soap:binding transport="http://schemas.xmlsoap.org/soap/http"/>
    <wsdl:operation name="Add">
      <soap:operation soapAction="http://tempuri.org/Add" style="document"/>
      <wsdl:input>
        <soap:body use="literal"/>
      </wsdl:input>
      <wsdl:output>
        <soap:body use="literal"/>
      </wsdl:output>
    </wsdl:operation>
    <wsdl:operation name="Subtract">
      <soap:operation soapAction="http://tempuri.org/Subtract" style="document"/>
      <wsdl:input>
        <soap:body use="literal"/>
      </wsdl:input>
      <wsdl:output>
        <soap:body use="literal"/>
      </wsdl:output>
    </wsdl:operation>
    <wsdl:operation name="Multiply">
      <soap:operation soapAction="http://tempuri.org/Multiply" style="document"/>
      <wsdl:input>
        <soap:body use="literal"/>
      </wsdl:input>
      <wsdl:output>
        <soap:body use="literal"/>
      </wsdl:output>
    </wsdl:operation>
    <wsdl:operation name="Divide">
      <soap:operation soapAction="http://tempuri.org/Divide" style="document"/>
      <wsdl:input>
        <soap:body use="literal"/>
      </wsdl:input>
      <wsdl:output>
        <soap:body use="literal"/>
      </wsdl:output>
    </wsdl:operation>
  </wsdl:binding>
  <wsdl:binding name="CalculatorSoap12" type="tns:CalculatorSoap">
    <soap12:binding transport="http://schemas.xmlsoap.org/soap/http"/>
    <wsdl:operation name="Add">
      <soap12:operation soapAction="http://tempuri.org/Add" style="document"/>
      <wsdl:input>
        <soap12:body use="literal"/>
      </wsdl:input>
      <wsdl:output>
        <soap12:body use="literal"/>
      </wsdl:output>
    </wsdl:operation>
    <wsdl:operation name="Subtract">
      <soap12:operation soapAction="http://tempuri.org/Subtract" style="document"/>
      <wsdl:input>
        <soap12:body use="literal"/>
      </wsdl:input>
      <wsdl:output>
        <soap12:body use="literal"/>
      </wsdl:output>
    </wsdl:operation>
    <wsdl:operation name="Multiply">
      <soap12:operation soapAction="http://tempuri.org/Multiply" style="document"/>
      <wsdl:input>
        <soap12:body use="literal"/>
      </wsdl:input>
      <wsdl:output>
        <soap12:body use="literal"/>
      </wsdl:output>
    </wsdl:operation>
    <wsdl:operation name="Divide">
      <soap12:operation soapAction="http://tempuri.org/Divide" style="document"/>
      <wsdl:input>
        <soap12:body use="literal"/>
      </wsdl:input>
      <wsdl:output>
        <soap12:body use="literal"/>
      </wsdl:output>
    </wsdl:operation>
  </wsdl:binding>
  <wsdl:service name="Calculator">
    <wsdl:port name="CalculatorSoap" binding="tns:CalculatorSoap">
      <soap:address location="http://dneonline.com/calculator.asmx"/>
    </wsdl:port>
    <wsdl:port name="CalculatorSoap12" binding="tns:CalculatorSoap12">
      <soap12:address location="http://dneonline.com/calculator.asmx"/>
    </wsdl:port>
  </wsdl:service>
</wsdl:definitions>]]></con:content><con:type>http://schemas.xmlsoap.org/wsdl/</con:type></con:part></con:definitionCache><con:endpoints><con:endpoint>http://dneonline.com/calculator.asmx</con:endpoint></con:endpoints><con:operation id="6ff913a8-76b6-49fd-b9de-1903242d677f" isOneWay="false" action="http://tempuri.org/Add" name="Add" bindingOperationName="Add" type="Request-Response" inputName="" receivesAttachments="false" sendsAttachments="false" anonymous="optional"><con:settings/><con:call id="231aa091-bc34-42a4-b413-9ab58b8e4f1c" name="Request 1"><con:settings/><con:encoding>UTF-8</con:encoding><con:endpoint>http://dneonline.com/calculator.asmx</con:endpoint><con:request><![CDATA[<soap:Envelope xmlns:soap="http://www.w3.org/2003/05/soap-envelope" xmlns:tem="http://tempuri.org/">\r
   <soap:Header/>\r
   <soap:Body>\r
      <tem:Add>\r
         <tem:intA>?</tem:intA>\r
         <tem:intB>?</tem:intB>\r
      </tem:Add>\r
   </soap:Body>\r
</soap:Envelope>]]></con:request><con:wsaConfig mustUnderstand="NONE" version="200508" action="http://tempuri.org/CalculatorSoap/AddRequest"/></con:call></con:operation><con:operation id="97674471-99b6-4f76-b7c3-4f792d9d50e8" isOneWay="false" action="http://tempuri.org/Divide" name="Divide" bindingOperationName="Divide" type="Request-Response" inputName="" receivesAttachments="false" sendsAttachments="false" anonymous="optional"><con:settings/><con:call id="9003d05f-c9bb-4107-ac5b-c66594b03de8" name="Request 1"><con:settings/><con:encoding>UTF-8</con:encoding><con:endpoint>http://dneonline.com/calculator.asmx</con:endpoint><con:request><![CDATA[<soap:Envelope xmlns:soap="http://www.w3.org/2003/05/soap-envelope" xmlns:tem="http://tempuri.org/">\r
   <soap:Header/>\r
   <soap:Body>\r
      <tem:Divide>\r
         <tem:intA>?</tem:intA>\r
         <tem:intB>?</tem:intB>\r
      </tem:Divide>\r
   </soap:Body>\r
</soap:Envelope>]]></con:request><con:wsaConfig mustUnderstand="NONE" version="200508" action="http://tempuri.org/CalculatorSoap/DivideRequest"/></con:call></con:operation><con:operation id="ff336460-6110-4cf8-a3a5-1a58a074c135" isOneWay="false" action="http://tempuri.org/Multiply" name="Multiply" bindingOperationName="Multiply" type="Request-Response" inputName="" receivesAttachments="false" sendsAttachments="false" anonymous="optional"><con:settings/><con:call id="a10c334d-c29e-4079-bd68-794933973d76" name="Request 1"><con:settings/><con:encoding>UTF-8</con:encoding><con:endpoint>http://dneonline.com/calculator.asmx</con:endpoint><con:request><![CDATA[<soap:Envelope xmlns:soap="http://www.w3.org/2003/05/soap-envelope" xmlns:tem="http://tempuri.org/">\r
   <soap:Header/>\r
   <soap:Body>\r
      <tem:Multiply>\r
         <tem:intA>?</tem:intA>\r
         <tem:intB>?</tem:intB>\r
      </tem:Multiply>\r
   </soap:Body>\r
</soap:Envelope>]]></con:request><con:credentials><con:authType>No Authorization</con:authType></con:credentials><con:jmsConfig JMSDeliveryMode="PERSISTENT"/><con:jmsPropertyConfig/><con:wsaConfig mustUnderstand="NONE" version="200508" action="http://tempuri.org/CalculatorSoap/MultiplyRequest"/><con:wsrmConfig version="1.2"/></con:call></con:operation><con:operation id="36816053-f6b1-4a2e-ae2c-f998b10ff428" isOneWay="false" action="http://tempuri.org/Subtract" name="Subtract" bindingOperationName="Subtract" type="Request-Response" inputName="" receivesAttachments="false" sendsAttachments="false" anonymous="optional"><con:settings/><con:call id="8ddcec5b-587b-4220-98cb-96abe3bca590" name="Request 1"><con:settings/><con:encoding>UTF-8</con:encoding><con:endpoint>http://dneonline.com/calculator.asmx</con:endpoint><con:request><![CDATA[<soap:Envelope xmlns:soap="http://www.w3.org/2003/05/soap-envelope" xmlns:tem="http://tempuri.org/">\r
   <soap:Header/>\r
   <soap:Body>\r
      <tem:Subtract>\r
         <tem:intA>?</tem:intA>\r
         <tem:intB>?</tem:intB>\r
      </tem:Subtract>\r
   </soap:Body>\r
</soap:Envelope>]]></con:request><con:credentials><con:authType>No Authorization</con:authType></con:credentials><con:jmsConfig JMSDeliveryMode="PERSISTENT"/><con:jmsPropertyConfig/><con:wsaConfig mustUnderstand="NONE" version="200508" action="http://tempuri.org/CalculatorSoap/SubtractRequest"/><con:wsrmConfig version="1.2"/></con:call></con:operation></con:interface><con:interface xsi:type="con:WsdlInterface" id="57007ca9-29ea-4d5b-a111-30bd39fbdb5f" wsaVersion="NONE" name="CalculatorSoap" type="wsdl" bindingName="{http://tempuri.org/}CalculatorSoap" soapVersion="1_1" anonymous="optional" definition="http://dneonline.com/calculator.asmx?wsdl" xmlns:xsi="http://www.w3.org/2001/XMLSchema-instance"><con:settings/><con:definitionCache type="TEXT" rootPart="http://dneonline.com/calculator.asmx?wsdl"><con:part><con:url>http://dneonline.com/calculator.asmx?wsdl</con:url><con:content><![CDATA[<wsdl:definitions targetNamespace="http://tempuri.org/" xmlns:soap="http://schemas.xmlsoap.org/wsdl/soap/" xmlns:tm="http://microsoft.com/wsdl/mime/textMatching/" xmlns:soapenc="http://schemas.xmlsoap.org/soap/encoding/" xmlns:mime="http://schemas.xmlsoap.org/wsdl/mime/" xmlns:tns="http://tempuri.org/" xmlns:s="http://www.w3.org/2001/XMLSchema" xmlns:soap12="http://schemas.xmlsoap.org/wsdl/soap12/" xmlns:http="http://schemas.xmlsoap.org/wsdl/http/" xmlns:wsdl="http://schemas.xmlsoap.org/wsdl/">
  <wsdl:types>
    <s:schema elementFormDefault="qualified" targetNamespace="http://tempuri.org/">
      <s:element name="Add">
        <s:complexType>
          <s:sequence>
            <s:element minOccurs="1" maxOccurs="1" name="intA" type="s:int"/>
            <s:element minOccurs="1" maxOccurs="1" name="intB" type="s:int"/>
          </s:sequence>
        </s:complexType>
      </s:element>
      <s:element name="AddResponse">
        <s:complexType>
          <s:sequence>
            <s:element minOccurs="1" maxOccurs="1" name="AddResult" type="s:int"/>
          </s:sequence>
        </s:complexType>
      </s:element>
      <s:element name="Subtract">
        <s:complexType>
          <s:sequence>
            <s:element minOccurs="1" maxOccurs="1" name="intA" type="s:int"/>
            <s:element minOccurs="1" maxOccurs="1" name="intB" type="s:int"/>
          </s:sequence>
        </s:complexType>
      </s:element>
      <s:element name="SubtractResponse">
        <s:complexType>
          <s:sequence>
            <s:element minOccurs="1" maxOccurs="1" name="SubtractResult" type="s:int"/>
          </s:sequence>
        </s:complexType>
      </s:element>
      <s:element name="Multiply">
        <s:complexType>
          <s:sequence>
            <s:element minOccurs="1" maxOccurs="1" name="intA" type="s:int"/>
            <s:element minOccurs="1" maxOccurs="1" name="intB" type="s:int"/>
          </s:sequence>
        </s:complexType>
      </s:element>
      <s:element name="MultiplyResponse">
        <s:complexType>
          <s:sequence>
            <s:element minOccurs="1" maxOccurs="1" name="MultiplyResult" type="s:int"/>
          </s:sequence>
        </s:complexType>
      </s:element>
      <s:element name="Divide">
        <s:complexType>
          <s:sequence>
            <s:element minOccurs="1" maxOccurs="1" name="intA" type="s:int"/>
            <s:element minOccurs="1" maxOccurs="1" name="intB" type="s:int"/>
          </s:sequence>
        </s:complexType>
      </s:element>
      <s:element name="DivideResponse">
        <s:complexType>
          <s:sequence>
            <s:element minOccurs="1" maxOccurs="1" name="DivideResult" type="s:int"/>
          </s:sequence>
        </s:complexType>
      </s:element>
    </s:schema>
  </wsdl:types>
  <wsdl:message name="AddSoapIn">
    <wsdl:part name="parameters" element="tns:Add"/>
  </wsdl:message>
  <wsdl:message name="AddSoapOut">
    <wsdl:part name="parameters" element="tns:AddResponse"/>
  </wsdl:message>
  <wsdl:message name="SubtractSoapIn">
    <wsdl:part name="parameters" element="tns:Subtract"/>
  </wsdl:message>
  <wsdl:message name="SubtractSoapOut">
    <wsdl:part name="parameters" element="tns:SubtractResponse"/>
  </wsdl:message>
  <wsdl:message name="MultiplySoapIn">
    <wsdl:part name="parameters" element="tns:Multiply"/>
  </wsdl:message>
  <wsdl:message name="MultiplySoapOut">
    <wsdl:part name="parameters" element="tns:MultiplyResponse"/>
  </wsdl:message>
  <wsdl:message name="DivideSoapIn">
    <wsdl:part name="parameters" element="tns:Divide"/>
  </wsdl:message>
  <wsdl:message name="DivideSoapOut">
    <wsdl:part name="parameters" element="tns:DivideResponse"/>
  </wsdl:message>
  <wsdl:portType name="CalculatorSoap">
    <wsdl:operation name="Add">
      <wsdl:documentation>Adds two integers. This is a test WebService. ©DNE Online</wsdl:documentation>
      <wsdl:input message="tns:AddSoapIn"/>
      <wsdl:output message="tns:AddSoapOut"/>
    </wsdl:operation>
    <wsdl:operation name="Subtract">
      <wsdl:input message="tns:SubtractSoapIn"/>
      <wsdl:output message="tns:SubtractSoapOut"/>
    </wsdl:operation>
    <wsdl:operation name="Multiply">
      <wsdl:input message="tns:MultiplySoapIn"/>
      <wsdl:output message="tns:MultiplySoapOut"/>
    </wsdl:operation>
    <wsdl:operation name="Divide">
      <wsdl:input message="tns:DivideSoapIn"/>
      <wsdl:output message="tns:DivideSoapOut"/>
    </wsdl:operation>
  </wsdl:portType>
  <wsdl:binding name="CalculatorSoap" type="tns:CalculatorSoap">
    <soap:binding transport="http://schemas.xmlsoap.org/soap/http"/>
    <wsdl:operation name="Add">
      <soap:operation soapAction="http://tempuri.org/Add" style="document"/>
      <wsdl:input>
        <soap:body use="literal"/>
      </wsdl:input>
      <wsdl:output>
        <soap:body use="literal"/>
      </wsdl:output>
    </wsdl:operation>
    <wsdl:operation name="Subtract">
      <soap:operation soapAction="http://tempuri.org/Subtract" style="document"/>
      <wsdl:input>
        <soap:body use="literal"/>
      </wsdl:input>
      <wsdl:output>
        <soap:body use="literal"/>
      </wsdl:output>
    </wsdl:operation>
    <wsdl:operation name="Multiply">
      <soap:operation soapAction="http://tempuri.org/Multiply" style="document"/>
      <wsdl:input>
        <soap:body use="literal"/>
      </wsdl:input>
      <wsdl:output>
        <soap:body use="literal"/>
      </wsdl:output>
    </wsdl:operation>
    <wsdl:operation name="Divide">
      <soap:operation soapAction="http://tempuri.org/Divide" style="document"/>
      <wsdl:input>
        <soap:body use="literal"/>
      </wsdl:input>
      <wsdl:output>
        <soap:body use="literal"/>
      </wsdl:output>
    </wsdl:operation>
  </wsdl:binding>
  <wsdl:binding name="CalculatorSoap12" type="tns:CalculatorSoap">
    <soap12:binding transport="http://schemas.xmlsoap.org/soap/http"/>
    <wsdl:operation name="Add">
      <soap12:operation soapAction="http://tempuri.org/Add" style="document"/>
      <wsdl:input>
        <soap12:body use="literal"/>
      </wsdl:input>
      <wsdl:output>
        <soap12:body use="literal"/>
      </wsdl:output>
    </wsdl:operation>
    <wsdl:operation name="Subtract">
      <soap12:operation soapAction="http://tempuri.org/Subtract" style="document"/>
      <wsdl:input>
        <soap12:body use="literal"/>
      </wsdl:input>
      <wsdl:output>
        <soap12:body use="literal"/>
      </wsdl:output>
    </wsdl:operation>
    <wsdl:operation name="Multiply">
      <soap12:operation soapAction="http://tempuri.org/Multiply" style="document"/>
      <wsdl:input>
        <soap12:body use="literal"/>
      </wsdl:input>
      <wsdl:output>
        <soap12:body use="literal"/>
      </wsdl:output>
    </wsdl:operation>
    <wsdl:operation name="Divide">
      <soap12:operation soapAction="http://tempuri.org/Divide" style="document"/>
      <wsdl:input>
        <soap12:body use="literal"/>
      </wsdl:input>
      <wsdl:output>
        <soap12:body use="literal"/>
      </wsdl:output>
    </wsdl:operation>
  </wsdl:binding>
  <wsdl:service name="Calculator">
    <wsdl:port name="CalculatorSoap" binding="tns:CalculatorSoap">
      <soap:address location="http://dneonline.com/calculator.asmx"/>
    </wsdl:port>
    <wsdl:port name="CalculatorSoap12" binding="tns:CalculatorSoap12">
      <soap12:address location="http://dneonline.com/calculator.asmx"/>
    </wsdl:port>
  </wsdl:service>
</wsdl:definitions>]]></con:content><con:type>http://schemas.xmlsoap.org/wsdl/</con:type></con:part></con:definitionCache><con:endpoints><con:endpoint>http://dneonline.com/calculator.asmx</con:endpoint></con:endpoints><con:operation id="ddcdc41d-92c8-47ab-b664-30675ce7acdb" isOneWay="false" action="http://tempuri.org/Add" name="Add" bindingOperationName="Add" type="Request-Response" inputName="" receivesAttachments="false" sendsAttachments="false" anonymous="optional"><con:settings/><con:call id="03362e8e-067a-484e-916b-df678eb291f0" name="Request 1"><con:settings/><con:encoding>UTF-8</con:encoding><con:endpoint>http://dneonline.com/calculator.asmx</con:endpoint><con:request><![CDATA[<soapenv:Envelope xmlns:soapenv="http://schemas.xmlsoap.org/soap/envelope/" xmlns:tem="http://tempuri.org/">\r
   <soapenv:Header/>\r
   <soapenv:Body>\r
      <tem:Add>\r
         <tem:intA>?</tem:intA>\r
         <tem:intB>?</tem:intB>\r
      </tem:Add>\r
   </soapenv:Body>\r
</soapenv:Envelope>]]></con:request><con:credentials><con:authType>No Authorization</con:authType></con:credentials><con:jmsConfig JMSDeliveryMode="PERSISTENT"/><con:jmsPropertyConfig/><con:wsaConfig mustUnderstand="NONE" version="200508" action="http://tempuri.org/Add"/><con:wsrmConfig version="1.2"/></con:call></con:operation><con:operation id="4d6a3a02-059b-4024-885d-5f33d9705227" isOneWay="false" action="http://tempuri.org/Divide" name="Divide" bindingOperationName="Divide" type="Request-Response" inputName="" receivesAttachments="false" sendsAttachments="false" anonymous="optional"><con:settings/><con:call id="c48aac92-8f9b-42da-99cb-980d7993b31e" name="Request 1"><con:settings/><con:encoding>UTF-8</con:encoding><con:endpoint>http://dneonline.com/calculator.asmx</con:endpoint><con:request><![CDATA[<soapenv:Envelope xmlns:soapenv="http://schemas.xmlsoap.org/soap/envelope/" xmlns:tem="http://tempuri.org/">\r
   <soapenv:Header/>\r
   <soapenv:Body>\r
      <tem:Divide>\r
         <tem:intA>?</tem:intA>\r
         <tem:intB>?</tem:intB>\r
      </tem:Divide>\r
   </soapenv:Body>\r
</soapenv:Envelope>]]></con:request><con:wsaConfig mustUnderstand="NONE" version="200508" action="http://tempuri.org/Divide"/></con:call></con:operation><con:operation id="dd34c5da-9ce3-41a6-8923-616382063a19" isOneWay="false" action="http://tempuri.org/Multiply" name="Multiply" bindingOperationName="Multiply" type="Request-Response" inputName="" receivesAttachments="false" sendsAttachments="false" anonymous="optional"><con:settings/><con:call id="405ed725-36a4-4b00-b90f-0e3a563c889e" name="Request 1"><con:settings/><con:encoding>UTF-8</con:encoding><con:endpoint>http://dneonline.com/calculator.asmx</con:endpoint><con:request><![CDATA[<soapenv:Envelope xmlns:soapenv="http://schemas.xmlsoap.org/soap/envelope/" xmlns:tem="http://tempuri.org/">\r
   <soapenv:Header/>\r
   <soapenv:Body>\r
      <tem:Multiply>\r
         <tem:intA>?</tem:intA>\r
         <tem:intB>?</tem:intB>\r
      </tem:Multiply>\r
   </soapenv:Body>\r
</soapenv:Envelope>]]></con:request><con:wsaConfig mustUnderstand="NONE" version="200508" action="http://tempuri.org/Multiply"/></con:call></con:operation><con:operation id="9fd54428-551c-42f8-92f4-263e52f2ac4f" isOneWay="false" action="http://tempuri.org/Subtract" name="Subtract" bindingOperationName="Subtract" type="Request-Response" inputName="" receivesAttachments="false" sendsAttachments="false" anonymous="optional"><con:settings/><con:call id="b356fbf2-7302-4106-b9e8-3d9524ab5949" name="Request 1"><con:settings/><con:encoding>UTF-8</con:encoding><con:endpoint>http://dneonline.com/calculator.asmx</con:endpoint><con:request><![CDATA[<soapenv:Envelope xmlns:soapenv="http://schemas.xmlsoap.org/soap/envelope/" xmlns:tem="http://tempuri.org/">\r
   <soapenv:Header/>\r
   <soapenv:Body>\r
      <tem:Subtract>\r
         <tem:intA>?</tem:intA>\r
         <tem:intB>?</tem:intB>\r
      </tem:Subtract>\r
   </soapenv:Body>\r
</soapenv:Envelope>]]></con:request><con:wsaConfig mustUnderstand="NONE" version="200508" action="http://tempuri.org/Subtract"/></con:call></con:operation></con:interface><con:testSuite id="fa631033-fe44-47af-bc63-d96442376733" name="CalculatorSoap12 TestSuite"><con:settings/><con:runType>SEQUENTIAL</con:runType><con:testCase id="442cf686-1e0b-4b32-ab03-eda026dacc20" failOnError="true" failTestCaseOnErrors="true" keepSession="false" maxResults="0" name="Add TestCase" searchProperties="true"><con:settings/><con:testStep type="request" name="SOAP Request" id="bc4d3beb-0c4e-4bb0-998a-f2bc4365d149"><con:settings/><con:config xsi:type="con:RequestStep" xmlns:xsi="http://www.w3.org/2001/XMLSchema-instance"><con:interface>CalculatorSoap12</con:interface><con:operation>Add</con:operation><con:request name="SOAP Request" id="7cea1105-f94a-4fad-b2a2-85f31a31e7db"><con:settings><con:setting id="com.eviware.soapui.impl.wsdl.WsdlRequest@request-headers">&lt;xml-fragment/></con:setting></con:settings><con:encoding>UTF-8</con:encoding><con:endpoint>http://dneonline.com/calculator.asmx</con:endpoint><con:request><![CDATA[<soap:Envelope xmlns:soap="http://www.w3.org/2003/05/soap-envelope" xmlns:xsi="http://www.w3.org/2001/XMLSchema-instance" xmlns:xsd="http://www.w3.org/2001/XMLSchema">\r
   <soap:Body>\r
      <AddResponse xmlns="http://tempuri.org/">\r
         <AddResult>344</AddResult>\r
      </AddResponse>\r
   </soap:Body>\r
</soap:Envelope>]]></con:request><con:assertion type="SOAP Response" id="cd81b809-2e9e-47d4-b76f-f3ef9b8d7eda"/><con:assertion type="Schema Compliance" id="3244f65f-2963-406f-8904-15cf190cfcbb"><con:configuration/></con:assertion><con:assertion type="SOAP Fault Assertion" id="217b51ce-9361-45d7-83d3-de631fd7b160"/><con:credentials><con:authType>No Authorization</con:authType></con:credentials><con:jmsConfig JMSDeliveryMode="PERSISTENT"/><con:jmsPropertyConfig/><con:wsaConfig mustUnderstand="NONE" version="200508"/><con:wsrmConfig version="1.2"/></con:request></con:config></con:testStep><con:testStep type="request" id="0dabada8-2ebf-41e4-b059-8e3780b4e32d" name="Add"><con:settings/><con:config xsi:type="con:RequestStep" xmlns:xsi="http://www.w3.org/2001/XMLSchema-instance"><con:interface>CalculatorSoap12</con:interface><con:operation>Add</con:operation><con:request name="Add" id="cff6bdf6-f93a-4723-8248-1edd23311fde"><con:settings><con:setting id="com.eviware.soapui.impl.wsdl.WsdlRequest@request-headers">&lt;xml-fragment/></con:setting></con:settings><con:encoding>UTF-8</con:encoding><con:endpoint>http://dneonline.com/calculator.asmx</con:endpoint><con:request><![CDATA[<soap:Envelope xmlns:soap="http://www.w3.org/2003/05/soap-envelope" xmlns:tem="http://tempuri.org/">\r
   <soap:Header/>\r
   <soap:Body>\r
      <tem:Add>\r
         <tem:intA>${#TestSuite#digital333}</tem:intA>\r
         <tem:intB>${#TestSuite#digital11}</tem:intB>\r
      </tem:Add>\r
   </soap:Body>\r
</soap:Envelope>]]></con:request><con:assertion type="SOAP Response" id="b9cbd8d6-122b-4673-9d55-7e3d62e1b457" name="SOAP Response"/><con:assertion type="JMS Status" id="e5b9a166-6c31-4421-b7cc-c9211c50fba5" name="JMS Status"/><con:assertion type="Response SLA Assertion" id="3f2cdf6f-0ea4-443e-abc1-9c34d5d46934" name="Response SLA"><con:configuration><SLA>900</SLA></con:configuration></con:assertion><con:assertion type="Valid HTTP Status Codes" id="18bd44ac-577a-4d55-bb2a-4e72147840fa" name="Valid HTTP Status Codes"><con:configuration><codes>200</codes></con:configuration></con:assertion><con:assertion type="Simple Contains" id="d616105f-4a17-4327-bd6d-1ce09fc39924" name="Contains"><con:configuration><token>AddResult</token><ignoreCase>false</ignoreCase><useRegEx>false</useRegEx></con:configuration></con:assertion><con:assertion type="XPath Match" id="faa9a79b-421b-4001-a0e1-a903b7ff8c44" name="XPath Match 1"><con:configuration><path>declare namespace ns1='http://tempuri.org/';
declare namespace soap='http://www.w3.org/2003/05/soap-envelope';
//ns1:AddResult</path><content>${#TestSuite#digital344}</content><allowWildcards>false</allowWildcards><ignoreNamspaceDifferences>false</ignoreNamspaceDifferences><ignoreComments>false</ignoreComments></con:configuration></con:assertion><con:assertion type="Simple NotContains" id="1a6a8adf-84d5-441e-802d-6f79b847294f" name="Not Contains"><con:configuration><token>null</token><ignoreCase>false</ignoreCase><useRegEx>false</useRegEx></con:configuration></con:assertion><con:credentials><con:authType>No Authorization</con:authType></con:credentials><con:jmsConfig JMSDeliveryMode="PERSISTENT"/><con:jmsPropertyConfig/><con:wsaConfig action="http://tempuri.org/CalculatorSoap/AddRequest" mustUnderstand="NONE" version="200508"/><con:wsrmConfig version="1.2"/></con:request></con:config></con:testStep><con:testStep type="transfer" name="Property Transfer 1" id="a62c9e8e-9f51-40a4-8d41-d66b92a393e4"><con:settings/><con:config xsi:type="con:PropertyTransfersStep" xmlns:xsi="http://www.w3.org/2001/XMLSchema-instance"><con:transfers setNullOnMissingSource="true" transferTextContent="true" failOnError="true" ignoreEmpty="false" transferToAll="false" entitize="false" transferChildNodes="true"><con:name>check11</con:name><con:sourceType>Response</con:sourceType><con:sourceStep>Add</con:sourceStep><con:sourcePath>declare namespace soap='http://www.w3.org/2003/05/soap-envelope';
declare namespace ns2='http://microsoft/wsdl/types/';
declare namespace ns1='http://tempuri.org/';
//ns1:AddResult
</con:sourcePath><con:targetType>Request</con:targetType><con:targetStep>Copy of Add</con:targetStep><con:targetPath>declare namespace ns1='http://tempuri.org/';
declare namespace ns2='http://microsoft/wsdl/types/';
declare namespace soap='http://www.w3.org/2003/05/soap-envelope';
//ns1:intA</con:targetPath><con:upgraded>true</con:upgraded></con:transfers></con:config></con:testStep><con:testStep type="request" id="a15d3061-f78e-47dd-b38d-9a0023cf89b5" name="Copy of Add"><con:settings/><con:config xsi:type="con:RequestStep" xmlns:xsi="http://www.w3.org/2001/XMLSchema-instance"><con:interface>CalculatorSoap12</con:interface><con:operation>Add</con:operation><con:request name="Copy of Add" id="cff6bdf6-f93a-4723-8248-1edd23311fde"><con:settings><con:setting id="com.eviware.soapui.impl.wsdl.WsdlRequest@request-headers">&lt;xml-fragment/></con:setting></con:settings><con:encoding>UTF-8</con:encoding><con:endpoint>http://dneonline.com/calculator.asmx</con:endpoint><con:request><![CDATA[<soap:Envelope xmlns:soap="http://www.w3.org/2003/05/soap-envelope" xmlns:tem="http://tempuri.org/">
   <soap:Header/>
   <soap:Body>
      <tem:Add>
         <tem:intA>344</tem:intA>
         <tem:intB>${#TestSuite#digital11}</tem:intB>
      </tem:Add>
   </soap:Body>
</soap:Envelope>]]></con:request><con:assertion type="SOAP Response" id="b9cbd8d6-122b-4673-9d55-7e3d62e1b457" name="SOAP Response"/><con:assertion type="JMS Status" id="e5b9a166-6c31-4421-b7cc-c9211c50fba5" name="JMS Status"/><con:assertion type="Response SLA Assertion" id="3f2cdf6f-0ea4-443e-abc1-9c34d5d46934" name="Response SLA"><con:configuration><SLA>900</SLA></con:configuration></con:assertion><con:assertion type="Valid HTTP Status Codes" id="18bd44ac-577a-4d55-bb2a-4e72147840fa" name="Valid HTTP Status Codes"><con:configuration><codes>200</codes></con:configuration></con:assertion><con:assertion type="Simple Contains" id="d616105f-4a17-4327-bd6d-1ce09fc39924" name="Contains"><con:configuration><token>AddResult</token><ignoreCase>false</ignoreCase><useRegEx>false</useRegEx></con:configuration></con:assertion><con:assertion type="Simple NotContains" id="1a6a8adf-84d5-441e-802d-6f79b847294f" name="Not Contains"><con:configuration><token>null</token><ignoreCase>false</ignoreCase><useRegEx>false</useRegEx></con:configuration></con:assertion><con:assertion type="GroovyScriptAssertion" id="28a0c9a2-8654-4dcc-9e3f-8f697a2cd553" name="Script Assertion 1"><con:configuration><scriptText>assert messageExchange.timeTaken&lt;800

//
</scriptText></con:configuration></con:assertion><con:assertion type="GroovyScriptAssertion" id="6d9e0643-74d6-4cc7-ac3f-0dfdfda8d250" name="Script Assertion 2"><con:configuration><scriptText>def endpoint="http://dneonline.com/calculator.asmx"
assert messageExchange.getEndpoint()==endpoint
</scriptText></con:configuration></con:assertion><con:assertion type="GroovyScriptAssertion" id="9b04b53b-ee6a-40d7-ad1d-139fc535584c" name="Script Assertion 3"><con:configuration><scriptText>def checkResult="355"
def groovyUtils=new com.eviware.soapui.support.GroovyUtils(context)
def response=groovyUtils.getXmlHolder(messageExchange.responseContent)
def currencyResult=response.getNodeValue("//ns1:AddResult")
assert currencyResult==checkResult
</scriptText></con:configuration></con:assertion><con:credentials><con:authType>No Authorization</con:authType></con:credentials><con:jmsConfig JMSDeliveryMode="PERSISTENT"/><con:jmsPropertyConfig/><con:wsaConfig action="http://tempuri.org/CalculatorSoap/AddRequest" mustUnderstand="NONE" version="200508"/><con:wsrmConfig version="1.2"/></con:request></con:config></con:testStep><con:testStep type="properties" name="Properties 1" id="73db2b1a-c3a6-46f4-afec-1d8e15abd0eb"><con:settings/><con:config xsi:type="con:PropertiesStep" saveFirst="true" xmlns:xsi="http://www.w3.org/2001/XMLSchema-instance"><con:properties><con:property><con:name>response</con:name><con:value>AddResponse</con:value></con:property></con:properties></con:config></con:testStep><con:properties/></con:testCase><con:testCase id="89f3ee73-584b-45bc-87f2-f9f941c2b6d4" failOnError="true" failTestCaseOnErrors="true" keepSession="false" maxResults="0" name="Divide TestCase" searchProperties="true"><con:settings/><con:testStep type="request" id="74e4f477-b0b6-4123-a870-79fb062b56ff" name="Divide"><con:settings/><con:config xsi:type="con:RequestStep" xmlns:xsi="http://www.w3.org/2001/XMLSchema-instance"><con:interface>CalculatorSoap12</con:interface><con:operation>Divide</con:operation><con:request name="Divide" id="8ea2eb83-ca1d-430b-9190-4a74417a8e7c"><con:settings><con:setting id="com.eviware.soapui.impl.wsdl.WsdlRequest@request-headers">&lt;xml-fragment/></con:setting></con:settings><con:encoding>UTF-8</con:encoding><con:endpoint>http://dneonline.com/calculator.asmx</con:endpoint><con:request><![CDATA[<soap:Envelope xmlns:soap="http://www.w3.org/2003/05/soap-envelope" xmlns:tem="http://tempuri.org/">\r
   <soap:Header/>\r
   <soap:Body>\r
      <tem:Divide>\r
         <tem:intA>${=(int)(Math.random()*50000)}</tem:intA>\r
         <tem:intB>${#TestSuite#digital355}</tem:intB>\r
      </tem:Divide>\r
   </soap:Body>\r
</soap:Envelope>]]></con:request><con:credentials><con:authType>No Authorization</con:authType></con:credentials><con:jmsConfig JMSDeliveryMode="PERSISTENT"/><con:jmsPropertyConfig/><con:wsaConfig action="http://tempuri.org/CalculatorSoap/DivideRequest" mustUnderstand="NONE" version="200508"/><con:wsrmConfig version="1.2"/></con:request></con:config></con:testStep><con:testStep type="transfer" name="Property Transfer 2" id="34e20195-8f51-4674-9868-9f73d0d8bacc"><con:settings/><con:config xsi:type="con:PropertyTransfersStep" xmlns:xsi="http://www.w3.org/2001/XMLSchema-instance"><con:transfers setNullOnMissingSource="true" transferTextContent="true" failOnError="true" ignoreEmpty="false" transferToAll="false" entitize="false" transferChildNodes="false"><con:name>for_groovy</con:name><con:sourceType>RawRequest</con:sourceType><con:sourceStep>Divide</con:sourceStep><con:sourcePath>declare namespace ns1='http://tempuri.org/';
declare namespace ns2='http://microsoft/wsdl/types/';
declare namespace soap='http://www.w3.org/2003/05/soap-envelope';
//ns1:intA</con:sourcePath><con:targetType>intADivide</con:targetType><con:targetStep>ResultProperties 2</con:targetStep><con:targetPath/><con:upgraded>true</con:upgraded></con:transfers></con:config></con:testStep><con:testStep type="groovy" name="Groovy Script 2" id="88a3bbf7-997e-4cd4-b866-2e52dd8dba5c"><con:settings/><con:config><script>def intADivide=testRunner.testCase.getTestStepByName('ResultProperties 2').getPropertyValue('intADivide')
log.info '    A: '+ intADivide
def intBDivide = testRunner.testCase.testSuite.getPropertyValue("digital355")
if (testRunner.testCase.getTestStepByName('ResultProperties 2').getPropertyValue('intBDivide')==null) {
testRunner.testCase.getTestStepByName('ResultProperties 2').addProperty('intBDivide')
}
testRunner.testCase.getTestStepByName('ResultProperties 2').setPropertyValue('intBDivide', intBDivide)
log.info  '    B: '+ intBDivide
def response=testRunner.testCase.getTestStepByName('Divide').getPropertyValue("response")
//log.info response
def objectResultDivide = new XmlSlurper().parseText(response)
log.info objectResultDivide
//xpath for parsing=null, common operation def resultDivide=objectResultDivide.xpath1part.xpath2part.xpathNpart.text()
def resultDivide=objectResultDivide.text()
log.info '    value of divide is:'+ resultDivide
//log.info '    prop now is: '+testRunner.testCase.getTestStepByName('ResultProperties 2').getProperty("ResultDivide")
if (testRunner.testCase.getTestStepByName('ResultProperties 2').getPropertyValue('ResultDivide')==null) {
testRunner.testCase.getTestStepByName('ResultProperties 2').addProperty('ResultDivide')
}
testRunner.testCase.getTestStepByName('ResultProperties 2').setPropertyValue("ResultDivide",resultDivide)
//log.info '    var  operation is new: '+testRunner.testCase.getTestStepByName('ResultProperties 2').getProperty("ResultDivide")
</script></con:config></con:testStep><con:testStep type="properties" name="ResultProperties 2" id="86fb8a7e-e0b1-445b-95a7-acaf596f671a"><con:settings/><con:config xsi:type="con:PropertiesStep" saveFirst="true" xmlns:xsi="http://www.w3.org/2001/XMLSchema-instance"><con:properties><con:property><con:name>ResultDivide</con:name></con:property><con:property><con:name>ResultDivide</con:name><con:value>34</con:value></con:property><con:property><con:name>intADivide</con:name><con:value>5039</con:value></con:property><con:property><con:name>intBDivide</con:name><con:value>355</con:value></con:property><con:property><con:name>ResultDivide</con:name><con:value>14</con:value></con:property></con:properties></con:config></con:testStep><con:testStep type="groovy" name="Groovy Script 2 check" id="b31c3c0a-15ff-47b3-a1c9-cffbb74af0f9"><con:settings/><con:config><script>//import java.lang.CharSequence
def intADivide=testRunner.testCase.getTestStepByName('ResultProperties 2').getPropertyValue('intADivide')
def intBDivide=testRunner.testCase.getTestStepByName('ResultProperties 2').getPropertyValue('intBDivide')
def resultDivide=testRunner.testCase.getTestStepByName('ResultProperties 2').getPropertyValue('resultDivide')
log.info 'intADivide:'+intADivide
try {      
         //  int a = Integer.parseInt(intADivide)
         int a = intADivide as int
    //   int a = intADivide.toInteger()
    //  int a = new Integer(intADivide).intValue()
  //  int a = Integer.valueOf(intADivide)
 //  def a = intADivide.isInteger() ? intADivide as Integer : false
 // int a = intADivide.isInteger() ? intADivide as Integer : null
           log.info 'a: '+a
 int b = intBDivide as int
           log.info 'b:'+b
 int result=(int) Math.round(a/b)
 int resultOfTest = Integer.parseInt(resultDivide);
 
 log.info 'result:'+result+' with: '+ resultOfTest 
          assert result==resultOfTest  
        } catch (Exception e) {
log.info 'Error with Exeption'
assert 0==1
        }
</script></con:config></con:testStep><con:properties/></con:testCase><con:testCase id="55d0b926-3213-45d0-ad64-f3ef27001d72" failOnError="true" failTestCaseOnErrors="true" keepSession="false" maxResults="0" name="Multiply TestCase" searchProperties="true"><con:settings/><con:testStep type="request" name="Multiply" id="b8555be6-c8e5-476f-9698-6db45e49f808"><con:settings/><con:config xsi:type="con:RequestStep" xmlns:xsi="http://www.w3.org/2001/XMLSchema-instance"><con:interface>CalculatorSoap12</con:interface><con:operation>Multiply</con:operation><con:request name="Multiply" id="bf8c99cd-5f0f-46be-bdf9-7f1e7d879b7d"><con:settings><con:setting id="com.eviware.soapui.impl.wsdl.WsdlRequest@request-headers">&lt;xml-fragment/></con:setting></con:settings><con:encoding>UTF-8</con:encoding><con:endpoint>http://dneonline.com/calculator.asmx</con:endpoint><con:request><![CDATA[<soap:Envelope xmlns:soap="http://www.w3.org/2003/05/soap-envelope" xmlns:tem="http://tempuri.org/">\r
   <soap:Header/>\r
   <soap:Body>\r
      <tem:Multiply>\r
         <tem:intA>${#TestSuite#digital355}</tem:intA>\r
         <tem:intB>${#TestSuite#varForOperation}</tem:intB>\r
      </tem:Multiply>\r
   </soap:Body>\r
</soap:Envelope>]]></con:request><con:assertion type="SOAP Response" id="5ad5cfbf-7370-4b85-902b-b9d93be329f0"/><con:assertion type="Schema Compliance" id="40686cd6-4377-422b-84b0-cdca79072632"><con:configuration/></con:assertion><con:assertion type="GroovyScriptAssertion" id="5492fed0-2d17-4bc3-99be-2fdd79238852" name="Script Assertion"><con:configuration/></con:assertion><con:credentials><con:authType>No Authorization</con:authType></con:credentials><con:jmsConfig JMSDeliveryMode="PERSISTENT"/><con:jmsPropertyConfig/><con:wsaConfig mustUnderstand="NONE" version="200508"/><con:wsrmConfig version="1.2"/></con:request></con:config></con:testStep><con:testStep type="transfer" name="Property Transfer 3" id="1d724755-f037-4adb-b2fb-7b1490a8bbfa"><con:settings/><con:config xsi:type="con:PropertyTransfersStep" xmlns:xsi="http://www.w3.org/2001/XMLSchema-instance"><con:transfers setNullOnMissingSource="true" transferTextContent="true" failOnError="true" ignoreEmpty="false" transferToAll="false" entitize="false" transferChildNodes="false"><con:name>checkMultiply355</con:name><con:sourceType>Response</con:sourceType><con:sourceStep>Multiply</con:sourceStep><con:sourcePath>declare namespace soap='http://www.w3.org/2003/05/soap-envelope';
declare namespace ns2='http://microsoft/wsdl/types/';
declare namespace ns1='http://tempuri.org/';
//ns1:MultiplyResult</con:sourcePath><con:targetType>intAForMultiplyTest</con:targetType><con:targetStep>ResultProperties 3</con:targetStep><con:upgraded>true</con:upgraded></con:transfers></con:config></con:testStep><con:testStep type="properties" name="ResultProperties 3" id="d156f5b0-ef21-4d7c-a315-94796bd943a7"><con:settings/><con:config xsi:type="con:PropertiesStep" saveFirst="true" xmlns:xsi="http://www.w3.org/2001/XMLSchema-instance"><con:properties><con:property><con:name>intAForMultiplyTest</con:name><con:value>12070</con:value></con:property></con:properties></con:config></con:testStep><con:properties/></con:testCase><con:properties><con:property><con:name>digital11</con:name><con:value>11</con:value></con:property><con:property><con:name>digital333</con:name><con:value>333</con:value></con:property><con:property><con:name>digital322</con:name><con:value>322</con:value></con:property><con:property><con:name>digital344</con:name><con:value>344</con:value></con:property><con:property><con:name>digital355</con:name><con:value>355</con:value></con:property><con:property><con:name>varForOperation</con:name><con:value>34</con:value></con:property></con:properties></con:testSuite><con:properties/><con:wssContainer/><con:oAuth2ProfileContainer/><con:oAuth1ProfileContainer/><con:sensitiveInformation/></con:soapui-project>